[
  {
    "id": "tx-first",
    "name": "First Transaction",
    "description": "Completed your first PVX transaction",
    "type": "transaction",
    "rarity": "common",
    "requirement": "Complete 1 transaction"
  },
  {
    "id": "tx-10",
    "name": "Transaction Adept",
    "description": "Completed 10 PVX transactions",
    "type": "transaction",
    "rarity": "uncommon",
    "requirement": "Complete 10 transactions"
  },
  {
    "id": "tx-100",
    "name": "Transaction Master",
    "description": "Completed 100 PVX transactions",
    "type": "transaction",
    "rarity": "rare",
    "requirement": "Complete 100 transactions"
  },
  {
    "id": "mining-first-block",
    "name": "Block Miner",
    "description": "Successfully mined your first block",
    "type": "mining",
    "rarity": "common",
    "requirement": "Mine 1 block"
  },
  {
    "id": "mining-10-blocks",
    "name": "Mining Enthusiast",
    "description": "Successfully mined 10 blocks",
    "type": "mining",
    "rarity": "uncommon",
    "requirement": "Mine 10 blocks"
  },
  {
    "id": "mining-50-blocks",
    "name": "Mining Expert",
    "description": "Successfully mined 50 blocks",
    "type": "mining",
    "rarity": "rare",
    "requirement": "Mine 50 blocks"
  },
  {
    "id": "mining-hash-king",
    "name": "Hash King",
    "description": "Mine 10 blocks in succession",
    "type": "mining",
    "rarity": "epic",
    "requirement": "Mine 10 consecutive blocks"
  },
  {
    "id": "staking-first",
    "name": "Stake Novice",
    "description": "Staked PVX tokens for the first time",
    "type": "staking",
    "rarity": "common",
    "requirement": "Stake tokens once"
  },
  {
    "id": "staking-30days",
    "name": "Stake Holder",
    "description": "Maintained a stake for 30 days",
    "type": "staking",
    "rarity": "uncommon",
    "requirement": "Keep a stake active for 30 days"
  },
  {
    "id": "staking-1000pvx",
    "name": "Whale Staker",
    "description": "Staked over 1000 PVX at once",
    "type": "staking",
    "rarity": "rare",
    "requirement": "Stake 1000 PVX in a single stake"
  },
  {
    "id": "gov-first-vote",
    "name": "Governance Voter",
    "description": "Participated in a network governance vote",
    "type": "governance",
    "rarity": "common",
    "requirement": "Vote in 1 governance proposal"
  },
  {
    "id": "gov-proposal",
    "name": "Proposal Creator",
    "description": "Created a governance proposal",
    "type": "governance",
    "rarity": "rare",
    "requirement": "Create a governance proposal"
  },
  {
    "id": "gov-winning-proposal",
    "name": "Proposal Winner",
    "description": "Had a governance proposal passed by the network",
    "type": "governance",
    "rarity": "epic",
    "requirement": "Have a proposal pass with majority vote"
  },
  {
    "id": "thringlet-first",
    "name": "Thringlet Owner",
    "description": "Acquired your first Thringlet",
    "type": "thringlet",
    "rarity": "common",
    "requirement": "Own 1 Thringlet"
  },
  {
    "id": "thringlet-evolved",
    "name": "Thringlet Evolved",
    "description": "Evolved a Thringlet to its next stage",
    "type": "thringlet",
    "rarity": "uncommon",
    "requirement": "Evolve a Thringlet once"
  },
  {
    "id": "thringlet-max-level",
    "name": "Thringlet Maximalist",
    "description": "Evolved a Thringlet to maximum level",
    "type": "thringlet",
    "rarity": "legendary",
    "requirement": "Max out a Thringlet's level"
  },
  {
    "id": "special-early-adopter",
    "name": "Early Adopter",
    "description": "Joined PVX during the alpha phase",
    "type": "special",
    "rarity": "epic",
    "requirement": "Created a wallet before official launch"
  },
  {
    "id": "special-night-owl",
    "name": "Night Owl",
    "description": "Performed transactions at 3 AM",
    "type": "special",
    "rarity": "rare",
    "requirement": "Complete a transaction between 2-4 AM",
    "secret": true
  },
  {
    "id": "special-pvx-visionary",
    "name": "PVX Visionary",
    "description": "Contributed to the PVX ecosystem in a significant way",
    "type": "special",
    "rarity": "mythic",
    "requirement": "Special award from PVX team"
  }
]